<?xml version="1.0" encoding="UTF-8"?>
<!--
Created with Funkin Packer v0.0.4 https://neeeoo.github.io/funkin-packer/
-->
<TextureAtlas imagePath="explode.png" width="2580" height="2068">
	<SubTexture name="idle instance 10000" x="7" y="7" width="498" height="252" frameX="-0" frameY="-0" frameWidth="498" frameHeight="252"/>
	<SubTexture name="idle instance 10002" x="519" y="7" width="252" height="498" rotated="true" frameX="-0" frameY="-0" frameWidth="498" frameHeight="252"/>
	<SubTexture name="idle instance 10004" x="7" y="273" width="252" height="498" rotated="true" frameX="-0" frameY="-0" frameWidth="498" frameHeight="252"/>
	<SubTexture name="idle instance 10006" x="273" y="519" width="498" height="252" frameX="-0" frameY="-0" frameWidth="498" frameHeight="252"/>
	<SubTexture name="idle instance 10008" x="785" y="7" width="252" height="498" rotated="true" frameX="-0" frameY="-0" frameWidth="498" frameHeight="252"/>
	<SubTexture name="idle instance 10010" x="785" y="519" width="252" height="498" rotated="true" frameX="-0" frameY="-0" frameWidth="498" frameHeight="252"/>
	<SubTexture name="idle instance 10012" x="7" y="785" width="252" height="498" rotated="true" frameX="-0" frameY="-0" frameWidth="498" frameHeight="252"/>
	<SubTexture name="idle instance 10014" x="273" y="785" width="252" height="498" rotated="true" frameX="-0" frameY="-0" frameWidth="498" frameHeight="252"/>
	<SubTexture name="idle instance 10016" x="539" y="1031" width="498" height="252" frameX="-0" frameY="-0" frameWidth="498" frameHeight="252"/>
	<SubTexture name="idle instance 10018" x="7" y="1297" width="498" height="252" frameX="-0" frameY="-0" frameWidth="498" frameHeight="252"/>
	<SubTexture name="idle instance 10020" x="519" y="1297" width="498" height="252" frameX="-0" frameY="-0" frameWidth="498" frameHeight="252"/>
	<SubTexture name="idle instance 10022" x="1031" y="1297" width="498" height="252" frameX="-0" frameY="-0" frameWidth="498" frameHeight="252"/>
	<SubTexture name="idle instance 10024" x="1051" y="7" width="498" height="252" frameX="-0" frameY="-0" frameWidth="498" frameHeight="252"/>
	<SubTexture name="idle instance 10026" x="1051" y="273" width="498" height="252" frameX="-0" frameY="-0" frameWidth="498" frameHeight="252"/>
	<SubTexture name="idle instance 10028" x="1051" y="539" width="498" height="252" frameX="-0" frameY="-0" frameWidth="498" frameHeight="252"/>
	<SubTexture name="idle instance 10030" x="1051" y="805" width="498" height="252" frameX="-0" frameY="-0" frameWidth="498" frameHeight="252"/>
	<SubTexture name="idle instance 10032" x="1543" y="1071" width="252" height="498" rotated="true" frameX="-0" frameY="-0" frameWidth="498" frameHeight="252"/>
	<SubTexture name="idle instance 10034" x="1563" y="7" width="498" height="252" frameX="-0" frameY="-0" frameWidth="498" frameHeight="252"/>
	<SubTexture name="idle instance 10036" x="1563" y="273" width="498" height="252" frameX="-0" frameY="-0" frameWidth="498" frameHeight="252"/>
	<SubTexture name="idle instance 10038" x="1563" y="539" width="498" height="252" frameX="-0" frameY="-0" frameWidth="498" frameHeight="252"/>
	<SubTexture name="idle instance 10040" x="1563" y="805" width="498" height="252" frameX="-0" frameY="-0" frameWidth="498" frameHeight="252"/>
	<SubTexture name="idle instance 10042" x="7" y="1563" width="252" height="498" rotated="true" frameX="-0" frameY="-0" frameWidth="498" frameHeight="252"/>
	<SubTexture name="idle instance 10044" x="273" y="1563" width="252" height="498" rotated="true" frameX="-0" frameY="-0" frameWidth="498" frameHeight="252"/>
	<SubTexture name="idle instance 10046" x="539" y="1563" width="252" height="498" rotated="true" frameX="-0" frameY="-0" frameWidth="498" frameHeight="252"/>
	<SubTexture name="idle instance 10048" x="805" y="1563" width="252" height="498" rotated="true" frameX="-0" frameY="-0" frameWidth="498" frameHeight="252"/>
	<SubTexture name="idle instance 10050" x="1071" y="1563" width="252" height="498" rotated="true" frameX="-0" frameY="-0" frameWidth="498" frameHeight="252"/>
	<SubTexture name="idle instance 10052" x="1337" y="1583" width="498" height="252" frameX="-0" frameY="-0" frameWidth="498" frameHeight="252"/>
	<SubTexture name="idle instance 10054" x="1809" y="1071" width="498" height="252" frameX="-0" frameY="-0" frameWidth="498" frameHeight="252"/>
	<SubTexture name="idle instance 10056" x="2075" y="7" width="498" height="252" frameX="-0" frameY="-0" frameWidth="498" frameHeight="252"/>
	<SubTexture name="idle instance 10058" x="2075" y="273" width="498" height="252" frameX="-0" frameY="-0" frameWidth="498" frameHeight="252"/>
	<SubTexture name="idle instance 10060" x="2075" y="539" width="498" height="252" frameX="-0" frameY="-0" frameWidth="498" frameHeight="252"/>
	<SubTexture name="idle instance 10001" x="7" y="7" width="498" height="252" frameX="-0" frameY="-0" frameWidth="498" frameHeight="252"/>
	<SubTexture name="idle instance 10003" x="519" y="7" width="252" height="498" rotated="true" frameX="-0" frameY="-0" frameWidth="498" frameHeight="252"/>
	<SubTexture name="idle instance 10005" x="7" y="273" width="252" height="498" rotated="true" frameX="-0" frameY="-0" frameWidth="498" frameHeight="252"/>
	<SubTexture name="idle instance 10007" x="273" y="519" width="498" height="252" frameX="-0" frameY="-0" frameWidth="498" frameHeight="252"/>
	<SubTexture name="idle instance 10009" x="785" y="7" width="252" height="498" rotated="true" frameX="-0" frameY="-0" frameWidth="498" frameHeight="252"/>
	<SubTexture name="idle instance 10011" x="785" y="519" width="252" height="498" rotated="true" frameX="-0" frameY="-0" frameWidth="498" frameHeight="252"/>
	<SubTexture name="idle instance 10013" x="7" y="785" width="252" height="498" rotated="true" frameX="-0" frameY="-0" frameWidth="498" frameHeight="252"/>
	<SubTexture name="idle instance 10015" x="273" y="785" width="252" height="498" rotated="true" frameX="-0" frameY="-0" frameWidth="498" frameHeight="252"/>
	<SubTexture name="idle instance 10017" x="539" y="1031" width="498" height="252" frameX="-0" frameY="-0" frameWidth="498" frameHeight="252"/>
	<SubTexture name="idle instance 10019" x="7" y="1297" width="498" height="252" frameX="-0" frameY="-0" frameWidth="498" frameHeight="252"/>
	<SubTexture name="idle instance 10021" x="519" y="1297" width="498" height="252" frameX="-0" frameY="-0" frameWidth="498" frameHeight="252"/>
	<SubTexture name="idle instance 10023" x="1031" y="1297" width="498" height="252" frameX="-0" frameY="-0" frameWidth="498" frameHeight="252"/>
	<SubTexture name="idle instance 10025" x="1051" y="7" width="498" height="252" frameX="-0" frameY="-0" frameWidth="498" frameHeight="252"/>
	<SubTexture name="idle instance 10027" x="1051" y="273" width="498" height="252" frameX="-0" frameY="-0" frameWidth="498" frameHeight="252"/>
	<SubTexture name="idle instance 10029" x="1051" y="539" width="498" height="252" frameX="-0" frameY="-0" frameWidth="498" frameHeight="252"/>
	<SubTexture name="idle instance 10031" x="1051" y="805" width="498" height="252" frameX="-0" frameY="-0" frameWidth="498" frameHeight="252"/>
	<SubTexture name="idle instance 10033" x="1543" y="1071" width="252" height="498" rotated="true" frameX="-0" frameY="-0" frameWidth="498" frameHeight="252"/>
	<SubTexture name="idle instance 10035" x="1563" y="7" width="498" height="252" frameX="-0" frameY="-0" frameWidth="498" frameHeight="252"/>
	<SubTexture name="idle instance 10037" x="1563" y="273" width="498" height="252" frameX="-0" frameY="-0" frameWidth="498" frameHeight="252"/>
	<SubTexture name="idle instance 10039" x="1563" y="539" width="498" height="252" frameX="-0" frameY="-0" frameWidth="498" frameHeight="252"/>
	<SubTexture name="idle instance 10041" x="1563" y="805" width="498" height="252" frameX="-0" frameY="-0" frameWidth="498" frameHeight="252"/>
	<SubTexture name="idle instance 10043" x="7" y="1563" width="252" height="498" rotated="true" frameX="-0" frameY="-0" frameWidth="498" frameHeight="252"/>
	<SubTexture name="idle instance 10045" x="273" y="1563" width="252" height="498" rotated="true" frameX="-0" frameY="-0" frameWidth="498" frameHeight="252"/>
	<SubTexture name="idle instance 10047" x="539" y="1563" width="252" height="498" rotated="true" frameX="-0" frameY="-0" frameWidth="498" frameHeight="252"/>
	<SubTexture name="idle instance 10049" x="805" y="1563" width="252" height="498" rotated="true" frameX="-0" frameY="-0" frameWidth="498" frameHeight="252"/>
	<SubTexture name="idle instance 10051" x="1071" y="1563" width="252" height="498" rotated="true" frameX="-0" frameY="-0" frameWidth="498" frameHeight="252"/>
	<SubTexture name="idle instance 10053" x="1337" y="1583" width="498" height="252" frameX="-0" frameY="-0" frameWidth="498" frameHeight="252"/>
	<SubTexture name="idle instance 10055" x="1809" y="1071" width="498" height="252" frameX="-0" frameY="-0" frameWidth="498" frameHeight="252"/>
	<SubTexture name="idle instance 10057" x="2075" y="7" width="498" height="252" frameX="-0" frameY="-0" frameWidth="498" frameHeight="252"/>
	<SubTexture name="idle instance 10059" x="2075" y="273" width="498" height="252" frameX="-0" frameY="-0" frameWidth="498" frameHeight="252"/>
	<SubTexture name="idle instance 10061" x="2075" y="539" width="498" height="252" frameX="-0" frameY="-0" frameWidth="498" frameHeight="252"/>
</TextureAtlas>