<?xml version="1.0" encoding="UTF-8"?>
<!--
Created with Funkin Packer v0.0.4 https://neeeoo.github.io/funkin-packer/
-->
<TextureAtlas imagePath="explodeinground.png" width="8074" height="3632">
	<SubTexture name="idle0000" x="7" y="7" width="720" height="440" rotated="true" frameX="-0" frameY="-0" frameWidth="440" frameHeight="720"/>
	<SubTexture name="idle0001" x="741" y="7" width="720" height="440" rotated="true" frameX="-0" frameY="-0" frameWidth="440" frameHeight="720"/>
	<SubTexture name="idle0003" x="1475" y="7" width="720" height="440" rotated="true" frameX="-0" frameY="-0" frameWidth="440" frameHeight="720"/>
	<SubTexture name="idle0004" x="2209" y="7" width="720" height="440" rotated="true" frameX="-0" frameY="-0" frameWidth="440" frameHeight="720"/>
	<SubTexture name="idle0005" x="2943" y="7" width="720" height="440" rotated="true" frameX="-0" frameY="-0" frameWidth="440" frameHeight="720"/>
	<SubTexture name="idle0007" x="3677" y="7" width="720" height="440" rotated="true" frameX="-0" frameY="-0" frameWidth="440" frameHeight="720"/>
	<SubTexture name="idle0008" x="4411" y="7" width="720" height="440" rotated="true" frameX="-0" frameY="-0" frameWidth="440" frameHeight="720"/>
	<SubTexture name="idle0009" x="5145" y="7" width="720" height="440" rotated="true" frameX="-0" frameY="-0" frameWidth="440" frameHeight="720"/>
	<SubTexture name="idle0011" x="5879" y="7" width="720" height="440" rotated="true" frameX="-0" frameY="-0" frameWidth="440" frameHeight="720"/>
	<SubTexture name="idle0012" x="6613" y="7" width="720" height="440" rotated="true" frameX="-0" frameY="-0" frameWidth="440" frameHeight="720"/>
	<SubTexture name="idle0013" x="7347" y="7" width="720" height="440" rotated="true" frameX="-0" frameY="-0" frameWidth="440" frameHeight="720"/>
	<SubTexture name="idle0015" x="7" y="461" width="720" height="440" rotated="true" frameX="-0" frameY="-0" frameWidth="440" frameHeight="720"/>
	<SubTexture name="idle0016" x="741" y="461" width="720" height="440" rotated="true" frameX="-0" frameY="-0" frameWidth="440" frameHeight="720"/>
	<SubTexture name="idle0017" x="1475" y="461" width="720" height="440" rotated="true" frameX="-0" frameY="-0" frameWidth="440" frameHeight="720"/>
	<SubTexture name="idle0018" x="2209" y="461" width="720" height="440" rotated="true" frameX="-0" frameY="-0" frameWidth="440" frameHeight="720"/>
	<SubTexture name="idle0020" x="2943" y="461" width="720" height="440" rotated="true" frameX="-0" frameY="-0" frameWidth="440" frameHeight="720"/>
	<SubTexture name="idle0021" x="3677" y="461" width="720" height="440" rotated="true" frameX="-0" frameY="-0" frameWidth="440" frameHeight="720"/>
	<SubTexture name="idle0022" x="4411" y="461" width="720" height="440" rotated="true" frameX="-0" frameY="-0" frameWidth="440" frameHeight="720"/>
	<SubTexture name="idle0024" x="5145" y="461" width="720" height="440" rotated="true" frameX="-0" frameY="-0" frameWidth="440" frameHeight="720"/>
	<SubTexture name="idle0025" x="5879" y="461" width="720" height="440" rotated="true" frameX="-0" frameY="-0" frameWidth="440" frameHeight="720"/>
	<SubTexture name="idle0026" x="6613" y="461" width="720" height="440" rotated="true" frameX="-0" frameY="-0" frameWidth="440" frameHeight="720"/>
	<SubTexture name="idle0028" x="7347" y="461" width="720" height="440" rotated="true" frameX="-0" frameY="-0" frameWidth="440" frameHeight="720"/>
	<SubTexture name="idle0029" x="7" y="915" width="720" height="440" rotated="true" frameX="-0" frameY="-0" frameWidth="440" frameHeight="720"/>
	<SubTexture name="idle0030" x="741" y="915" width="720" height="440" rotated="true" frameX="-0" frameY="-0" frameWidth="440" frameHeight="720"/>
	<SubTexture name="idle0032" x="1475" y="915" width="720" height="440" rotated="true" frameX="-0" frameY="-0" frameWidth="440" frameHeight="720"/>
	<SubTexture name="idle0033" x="2209" y="915" width="720" height="440" rotated="true" frameX="-0" frameY="-0" frameWidth="440" frameHeight="720"/>
	<SubTexture name="idle0034" x="2943" y="915" width="720" height="440" rotated="true" frameX="-0" frameY="-0" frameWidth="440" frameHeight="720"/>
	<SubTexture name="idle0036" x="3677" y="915" width="720" height="440" rotated="true" frameX="-0" frameY="-0" frameWidth="440" frameHeight="720"/>
	<SubTexture name="idle0037" x="4411" y="915" width="720" height="440" rotated="true" frameX="-0" frameY="-0" frameWidth="440" frameHeight="720"/>
	<SubTexture name="idle0038" x="5145" y="915" width="720" height="440" rotated="true" frameX="-0" frameY="-0" frameWidth="440" frameHeight="720"/>
	<SubTexture name="idle0040" x="5879" y="915" width="720" height="440" rotated="true" frameX="-0" frameY="-0" frameWidth="440" frameHeight="720"/>
	<SubTexture name="idle0041" x="6613" y="915" width="720" height="440" rotated="true" frameX="-0" frameY="-0" frameWidth="440" frameHeight="720"/>
	<SubTexture name="idle0042" x="7347" y="915" width="720" height="440" rotated="true" frameX="-0" frameY="-0" frameWidth="440" frameHeight="720"/>
	<SubTexture name="idle0044" x="7" y="1369" width="720" height="440" rotated="true" frameX="-0" frameY="-0" frameWidth="440" frameHeight="720"/>
	<SubTexture name="idle0045" x="741" y="1369" width="720" height="440" rotated="true" frameX="-0" frameY="-0" frameWidth="440" frameHeight="720"/>
	<SubTexture name="idle0046" x="1475" y="1369" width="720" height="440" rotated="true" frameX="-0" frameY="-0" frameWidth="440" frameHeight="720"/>
	<SubTexture name="idle0048" x="2209" y="1369" width="720" height="440" rotated="true" frameX="-0" frameY="-0" frameWidth="440" frameHeight="720"/>
	<SubTexture name="idle0049" x="2943" y="1369" width="720" height="440" rotated="true" frameX="-0" frameY="-0" frameWidth="440" frameHeight="720"/>
	<SubTexture name="idle0050" x="3677" y="1369" width="720" height="440" rotated="true" frameX="-0" frameY="-0" frameWidth="440" frameHeight="720"/>
	<SubTexture name="idle0051" x="4411" y="1369" width="720" height="440" rotated="true" frameX="-0" frameY="-0" frameWidth="440" frameHeight="720"/>
	<SubTexture name="idle0053" x="5145" y="1369" width="720" height="440" rotated="true" frameX="-0" frameY="-0" frameWidth="440" frameHeight="720"/>
	<SubTexture name="idle0054" x="5879" y="1369" width="720" height="440" rotated="true" frameX="-0" frameY="-0" frameWidth="440" frameHeight="720"/>
	<SubTexture name="idle0055" x="6613" y="1369" width="720" height="440" rotated="true" frameX="-0" frameY="-0" frameWidth="440" frameHeight="720"/>
	<SubTexture name="idle0057" x="7347" y="1369" width="720" height="440" rotated="true" frameX="-0" frameY="-0" frameWidth="440" frameHeight="720"/>
	<SubTexture name="idle0058" x="7" y="1823" width="720" height="440" rotated="true" frameX="-0" frameY="-0" frameWidth="440" frameHeight="720"/>
	<SubTexture name="idle0059" x="741" y="1823" width="720" height="440" rotated="true" frameX="-0" frameY="-0" frameWidth="440" frameHeight="720"/>
	<SubTexture name="idle0061" x="1475" y="1823" width="720" height="440" rotated="true" frameX="-0" frameY="-0" frameWidth="440" frameHeight="720"/>
	<SubTexture name="idle0062" x="2209" y="1823" width="720" height="440" rotated="true" frameX="-0" frameY="-0" frameWidth="440" frameHeight="720"/>
	<SubTexture name="idle0063" x="2943" y="1823" width="720" height="440" rotated="true" frameX="-0" frameY="-0" frameWidth="440" frameHeight="720"/>
	<SubTexture name="idle0065" x="3677" y="1823" width="720" height="440" rotated="true" frameX="-0" frameY="-0" frameWidth="440" frameHeight="720"/>
	<SubTexture name="idle0066" x="4411" y="1823" width="720" height="440" rotated="true" frameX="-0" frameY="-0" frameWidth="440" frameHeight="720"/>
	<SubTexture name="idle0067" x="5145" y="1823" width="720" height="440" rotated="true" frameX="-0" frameY="-0" frameWidth="440" frameHeight="720"/>
	<SubTexture name="idle0069" x="5879" y="1823" width="720" height="440" rotated="true" frameX="-0" frameY="-0" frameWidth="440" frameHeight="720"/>
	<SubTexture name="idle0070" x="6613" y="1823" width="720" height="440" rotated="true" frameX="-0" frameY="-0" frameWidth="440" frameHeight="720"/>
	<SubTexture name="idle0071" x="7347" y="1823" width="720" height="440" rotated="true" frameX="-0" frameY="-0" frameWidth="440" frameHeight="720"/>
	<SubTexture name="idle0073" x="7" y="2277" width="720" height="440" rotated="true" frameX="-0" frameY="-0" frameWidth="440" frameHeight="720"/>
	<SubTexture name="idle0074" x="741" y="2277" width="720" height="440" rotated="true" frameX="-0" frameY="-0" frameWidth="440" frameHeight="720"/>
	<SubTexture name="idle0075" x="1475" y="2277" width="720" height="440" rotated="true" frameX="-0" frameY="-0" frameWidth="440" frameHeight="720"/>
	<SubTexture name="idle0077" x="2209" y="2277" width="720" height="440" rotated="true" frameX="-0" frameY="-0" frameWidth="440" frameHeight="720"/>
	<SubTexture name="idle0078" x="2943" y="2277" width="720" height="440" rotated="true" frameX="-0" frameY="-0" frameWidth="440" frameHeight="720"/>
	<SubTexture name="idle0079" x="3677" y="2277" width="720" height="440" rotated="true" frameX="-0" frameY="-0" frameWidth="440" frameHeight="720"/>
	<SubTexture name="idle0081" x="4411" y="2277" width="720" height="440" rotated="true" frameX="-0" frameY="-0" frameWidth="440" frameHeight="720"/>
	<SubTexture name="idle0082" x="5145" y="2277" width="720" height="440" rotated="true" frameX="-0" frameY="-0" frameWidth="440" frameHeight="720"/>
	<SubTexture name="idle0083" x="5879" y="2277" width="720" height="440" rotated="true" frameX="-0" frameY="-0" frameWidth="440" frameHeight="720"/>
	<SubTexture name="idle0084" x="6613" y="2277" width="720" height="440" rotated="true" frameX="-0" frameY="-0" frameWidth="440" frameHeight="720"/>
	<SubTexture name="idle0086" x="7347" y="2277" width="720" height="440" rotated="true" frameX="-0" frameY="-0" frameWidth="440" frameHeight="720"/>
	<SubTexture name="idle0087" x="7" y="2731" width="720" height="440" rotated="true" frameX="-0" frameY="-0" frameWidth="440" frameHeight="720"/>
	<SubTexture name="idle0088" x="741" y="2731" width="720" height="440" rotated="true" frameX="-0" frameY="-0" frameWidth="440" frameHeight="720"/>
	<SubTexture name="idle0090" x="1475" y="2731" width="720" height="440" rotated="true" frameX="-0" frameY="-0" frameWidth="440" frameHeight="720"/>
	<SubTexture name="idle0091" x="2209" y="2731" width="720" height="440" rotated="true" frameX="-0" frameY="-0" frameWidth="440" frameHeight="720"/>
	<SubTexture name="idle0092" x="2943" y="2731" width="720" height="440" rotated="true" frameX="-0" frameY="-0" frameWidth="440" frameHeight="720"/>
	<SubTexture name="idle0094" x="3677" y="2731" width="720" height="440" rotated="true" frameX="-0" frameY="-0" frameWidth="440" frameHeight="720"/>
	<SubTexture name="idle0095" x="4411" y="2731" width="720" height="440" rotated="true" frameX="-0" frameY="-0" frameWidth="440" frameHeight="720"/>
	<SubTexture name="idle0096" x="5145" y="2731" width="720" height="440" rotated="true" frameX="-0" frameY="-0" frameWidth="440" frameHeight="720"/>
	<SubTexture name="idle0098" x="5879" y="2731" width="720" height="440" rotated="true" frameX="-0" frameY="-0" frameWidth="440" frameHeight="720"/>
	<SubTexture name="idle0099" x="6613" y="2731" width="720" height="440" rotated="true" frameX="-0" frameY="-0" frameWidth="440" frameHeight="720"/>
	<SubTexture name="idle0100" x="7347" y="2731" width="720" height="440" rotated="true" frameX="-0" frameY="-0" frameWidth="440" frameHeight="720"/>
	<SubTexture name="idle0102" x="7" y="3185" width="720" height="440" rotated="true" frameX="-0" frameY="-0" frameWidth="440" frameHeight="720"/>
	<SubTexture name="idle0103" x="741" y="3185" width="720" height="440" rotated="true" frameX="-0" frameY="-0" frameWidth="440" frameHeight="720"/>
	<SubTexture name="idle0104" x="1475" y="3185" width="720" height="440" rotated="true" frameX="-0" frameY="-0" frameWidth="440" frameHeight="720"/>
	<SubTexture name="idle0106" x="2209" y="3185" width="720" height="440" rotated="true" frameX="-0" frameY="-0" frameWidth="440" frameHeight="720"/>
	<SubTexture name="idle0107" x="2943" y="3185" width="720" height="440" rotated="true" frameX="-0" frameY="-0" frameWidth="440" frameHeight="720"/>
	<SubTexture name="idle0108" x="3677" y="3185" width="720" height="440" rotated="true" frameX="-0" frameY="-0" frameWidth="440" frameHeight="720"/>
	<SubTexture name="idle0110" x="4411" y="3185" width="720" height="440" rotated="true" frameX="-0" frameY="-0" frameWidth="440" frameHeight="720"/>
	<SubTexture name="idle0111" x="5145" y="3185" width="720" height="440" rotated="true" frameX="-0" frameY="-0" frameWidth="440" frameHeight="720"/>
	<SubTexture name="idle0112" x="5879" y="3185" width="720" height="440" rotated="true" frameX="-0" frameY="-0" frameWidth="440" frameHeight="720"/>
	<SubTexture name="idle0002" x="741" y="7" width="720" height="440" rotated="true" frameX="-0" frameY="-0" frameWidth="440" frameHeight="720"/>
	<SubTexture name="idle0006" x="2943" y="7" width="720" height="440" rotated="true" frameX="-0" frameY="-0" frameWidth="440" frameHeight="720"/>
	<SubTexture name="idle0010" x="5145" y="7" width="720" height="440" rotated="true" frameX="-0" frameY="-0" frameWidth="440" frameHeight="720"/>
	<SubTexture name="idle0014" x="7347" y="7" width="720" height="440" rotated="true" frameX="-0" frameY="-0" frameWidth="440" frameHeight="720"/>
	<SubTexture name="idle0019" x="2209" y="461" width="720" height="440" rotated="true" frameX="-0" frameY="-0" frameWidth="440" frameHeight="720"/>
	<SubTexture name="idle0023" x="4411" y="461" width="720" height="440" rotated="true" frameX="-0" frameY="-0" frameWidth="440" frameHeight="720"/>
	<SubTexture name="idle0027" x="6613" y="461" width="720" height="440" rotated="true" frameX="-0" frameY="-0" frameWidth="440" frameHeight="720"/>
	<SubTexture name="idle0031" x="741" y="915" width="720" height="440" rotated="true" frameX="-0" frameY="-0" frameWidth="440" frameHeight="720"/>
	<SubTexture name="idle0035" x="2943" y="915" width="720" height="440" rotated="true" frameX="-0" frameY="-0" frameWidth="440" frameHeight="720"/>
	<SubTexture name="idle0039" x="5145" y="915" width="720" height="440" rotated="true" frameX="-0" frameY="-0" frameWidth="440" frameHeight="720"/>
	<SubTexture name="idle0043" x="7347" y="915" width="720" height="440" rotated="true" frameX="-0" frameY="-0" frameWidth="440" frameHeight="720"/>
	<SubTexture name="idle0047" x="1475" y="1369" width="720" height="440" rotated="true" frameX="-0" frameY="-0" frameWidth="440" frameHeight="720"/>
	<SubTexture name="idle0052" x="4411" y="1369" width="720" height="440" rotated="true" frameX="-0" frameY="-0" frameWidth="440" frameHeight="720"/>
	<SubTexture name="idle0056" x="6613" y="1369" width="720" height="440" rotated="true" frameX="-0" frameY="-0" frameWidth="440" frameHeight="720"/>
	<SubTexture name="idle0060" x="741" y="1823" width="720" height="440" rotated="true" frameX="-0" frameY="-0" frameWidth="440" frameHeight="720"/>
	<SubTexture name="idle0064" x="2943" y="1823" width="720" height="440" rotated="true" frameX="-0" frameY="-0" frameWidth="440" frameHeight="720"/>
	<SubTexture name="idle0068" x="5145" y="1823" width="720" height="440" rotated="true" frameX="-0" frameY="-0" frameWidth="440" frameHeight="720"/>
	<SubTexture name="idle0072" x="7347" y="1823" width="720" height="440" rotated="true" frameX="-0" frameY="-0" frameWidth="440" frameHeight="720"/>
	<SubTexture name="idle0076" x="1475" y="2277" width="720" height="440" rotated="true" frameX="-0" frameY="-0" frameWidth="440" frameHeight="720"/>
	<SubTexture name="idle0080" x="3677" y="2277" width="720" height="440" rotated="true" frameX="-0" frameY="-0" frameWidth="440" frameHeight="720"/>
	<SubTexture name="idle0085" x="6613" y="2277" width="720" height="440" rotated="true" frameX="-0" frameY="-0" frameWidth="440" frameHeight="720"/>
	<SubTexture name="idle0089" x="741" y="2731" width="720" height="440" rotated="true" frameX="-0" frameY="-0" frameWidth="440" frameHeight="720"/>
	<SubTexture name="idle0093" x="2943" y="2731" width="720" height="440" rotated="true" frameX="-0" frameY="-0" frameWidth="440" frameHeight="720"/>
	<SubTexture name="idle0097" x="5145" y="2731" width="720" height="440" rotated="true" frameX="-0" frameY="-0" frameWidth="440" frameHeight="720"/>
	<SubTexture name="idle0101" x="7347" y="2731" width="720" height="440" rotated="true" frameX="-0" frameY="-0" frameWidth="440" frameHeight="720"/>
	<SubTexture name="idle0105" x="1475" y="3185" width="720" height="440" rotated="true" frameX="-0" frameY="-0" frameWidth="440" frameHeight="720"/>
	<SubTexture name="idle0109" x="3677" y="3185" width="720" height="440" rotated="true" frameX="-0" frameY="-0" frameWidth="440" frameHeight="720"/>
	<SubTexture name="idle0113" x="5879" y="3185" width="720" height="440" rotated="true" frameX="-0" frameY="-0" frameWidth="440" frameHeight="720"/>
</TextureAtlas>